{"cameraMode":{"drawMode":0,"name":"Shaded","section":"Shading Mode"},"sceneLighting":true,"audioPlay":false,"sceneViewState":{"showFog":true,"showMaterialUpdate":false,"showSkybox":true,"showFlares":true,"showImageEffects":true,"showParticleSystems":true},"in2DMode":false,"pivot":{"x":0.9870210886001587,"y":0.2593812644481659,"z":13.9931058883667},"rotation":{"x":-0.015291825868189335,"y":0.04737381264567375,"z":-0.0007250149501487613,"w":-0.9987610578536987},"size":13.702027320861817,"orthographic":false}